"merchant_alias","location_formatted_address","location_latitude","merchant_id","source_id","source_data","source_details_data","source_type","merchant_name","business_id","location_name","location_id","location_route_number","location_route_name_short","location_route_name_long","location_suburb_short","location_suburb_long","location_state_short","location_state_long","location_country_code","location_country_name","location_postal_code","location_formatted_address-2","location_latitude-2","location_longitude","contact_website","contact_operating_hours","contact_phone_number_local","contact_phone_number_international","anzsic_class_code","date_created","date_source_updated","date_transformed","date_indexed","date_classified","soundex_code","logo_master","logo_thumb","merchant_alias-2"
"ROSE FRESH MEATS AND PRODUCE","4 Satellite Drive, Werribee, Victoria, 3030",NULL,"92dde29e-e877-472a-b5cf-7aaad79547dc","92dde29e-e877-472a-b5cf-7aaad79547dc","{}",NULL,"CUSTOM","ROSE FRESH MEATS AND PRODUCE",NULL,NULL,NULL,"4","Satelite Drv","Satelite Drive","Werribee","Werribee","Vic","Victoria","AU","Australia","3030","4 Satellite Drive, Werribee, Victoria, 3030",NULL,NULL,NULL,NULL,NULL,NULL,"4129","2021-07-08 09:33:51.821408","2021-07-08 09:33:51.821408","2021-07-08 09:33:51.821408",NULL,"2021-07-08 09:33:51.821408",NULL,NULL,NULL,"ROSE FRESH MEATS AND PRODUCE"
"VAYA","PO Box 6136, Buranda, QLD, 4102",NULL,"bae3fc48-6c32-42ef-a976-a8e343a5edc4","bae3fc48-6c32-42ef-a976-a8e343a5edc4","{}",NULL,"CUSTOM","Vaya",NULL,NULL,NULL,NULL,NULL,NULL,"Buranda","Buranda","QLD","Queensland","AU","Australia","4102","PO Box 6136, Buranda, QLD, 4102",NULL,NULL,"http://www.vaya.net.au/",NULL,"03 0000 8292","+61 03 0000 8292","5809","2021-08-06 11:39:27.279146","2021-08-06 11:39:27.279146","2021-08-06 11:39:27.279146",NULL,"2021-08-06 11:39:27.279146",NULL,NULL,NULL,"VAYA"
"COCOS CLUB INC","West Island WA 6799, Australia",NULL,"0b2f976a-4c88-11e8-bae7-0a87c0279fe8","12150186","{""id"": ""12150186"", ""name"": ""Cocos Club (Inc)"", ""score"": 2153.6414, ""aboutId"": ""f77e3d70-7a1e-4ed3-9993-6a8573ec57e9"", ""categories"": [{""id"": ""10642"", ""name"": ""Social & General Clubs"", ""sensitive"": false}], ""detailsLink"": ""https://www.yellowpages.com.au/wa/west-island/cocos-club-inc-12150186-listing.html?referredBy=SAPI-ebNWZNImvAxNWEzxbFEx9VyfChFq-udq"", ""listingType"": ""Business"", ""reportingId"": ""12150186"", ""businessInfo"": {""abn"": """", ""legalId"": """", ""dateEstablished"": """"}, ""openingHours"": {""friday"": {""times"": null, ""status"": """"}, ""monday"": {""times"": null, ""status"": """"}, ""sunday"": {""times"": null, ""status"": """"}, ""tuesday"": {""times"": null, ""status"": """"}, ""saturday"": {""times"": null, ""status"": """"}, ""thursday"": {""times"": null, ""status"": """"}, ""wednesday"": {""times"": null, ""status"": """"}, ""publicHolidays"": {""times"": null, ""status"": """"}}, ""primaryAddress"": {""state"": ""WA"", ""suburb"": ""West Island"", ""latitude"": """", ""postcode"": ""6799"", ""longitude"": """", ""addressLine"": """"}, ""primaryContacts"": [{""type"": ""PHONE"", ""value"": ""(08) 9162 6688""}], ""secondaryContacts"": {""Other Contacts"": null}, ""orderedSecondaryContacts"": null}",NULL,"SENSIS","Cocos Club (Inc)",NULL,NULL,NULL,NULL,NULL,NULL,"West Island","West Island","WA","Western Australia","AU","Australia","6799","West Island WA 6799, Australia",NULL,NULL,NULL,"{""friday"": [], ""monday"": [], ""sunday"": [], ""tuesday"": [], ""saturday"": [], ""thursday"": [], ""wednesday"": []}","08 9162 6688","+61 8 9162 6688","9112","2018-07-26 09:13:12.547376","2018-07-26 09:13:12.547376","2018-11-19 13:20:02.365701",NULL,"2019-10-18 11:01:42.036342","C224",NULL,NULL,"COCOS CLUB INC"
"COCOS ISLANDS CO OPERATIVE SOCIETY","3 Sydney Highway, West Island WA 6799, Australia",NULL,"dbc1c19c-4c87-11e8-ab46-0a87c0279fe8","W12026323","{""id"": ""W12026323"", ""name"": ""Cocos Islands Co-Operative Society"", ""score"": 3639.5496, ""aboutId"": """", ""categories"": [], ""detailsLink"": ""http://www.whitepages.com.au/cocos-islands-co-operative-society-12026324/west-island-wa-12026323B?referredBy=SAPI-ebNWZNImvAxNWEzxbFEx9VyfChFq-udq"", ""listingType"": ""B"", ""reportingId"": ""W12026323"", ""businessInfo"": {""abn"": """", ""legalId"": """", ""dateEstablished"": """"}, ""openingHours"": {""friday"": {""times"": null, ""status"": """"}, ""monday"": {""times"": null, ""status"": """"}, ""sunday"": {""times"": null, ""status"": """"}, ""tuesday"": {""times"": null, ""status"": """"}, ""saturday"": {""times"": null, ""status"": """"}, ""thursday"": {""times"": null, ""status"": """"}, ""wednesday"": {""times"": null, ""status"": """"}, ""publicHolidays"": {""times"": null, ""status"": """"}}, ""primaryAddress"": {""state"": ""WA"", ""suburb"": ""West Island"", ""latitude"": """", ""postcode"": ""6799"", ""longitude"": """", ""addressLine"": ""3 Sydney Highway""}, ""primaryContacts"": [{""type"": ""PHONE"", ""value"": ""(08) 9162 6552""}], ""secondaryContacts"": {""Other Contacts"": null}, ""orderedSecondaryContacts"": null}",NULL,"SENSIS","Cocos Islands Co-Operative Society",NULL,NULL,NULL,"3","Sydney Highway",NULL,"West Island","West Island","WA","Western Australia","AU","Australia","6799","3 Sydney Highway, West Island WA 6799, Australia",NULL,NULL,NULL,"{""friday"": [], ""monday"": [], ""sunday"": [], ""tuesday"": [], ""saturday"": [], ""thursday"": [], ""wednesday"": []}","08 9162 6552","+61 8 9162 6552","4400","2018-07-26 09:13:12.547376","2018-07-26 09:13:12.547376","2018-11-19 13:20:16.269144",NULL,"2019-10-18 11:01:42.036342","C222",NULL,NULL,"COCOS ISLANDS CO OPERATIVE SOCIETY"
"VICSFRESH IGA","561 President Ave, Sutherland NSW 2232",NULL,"e4fb22f8-a180-44aa-adac-a42f5f91c1a3","e4fb22f8-a180-44aa-adac-a42f5f91c1a3","{}",NULL,"CUSTOM","VicsFresh IGA",NULL,NULL,NULL,"561","President Ave","President Avenue","Sutherland","Sutherland","NSW","New South Wales","AU","Australia","2232","561 President Ave, Sutherland NSW 2232",NULL,NULL,"http://our-stores.iga.com.au/stores/romeos-iga-food-hall-sutherland/",NULL,NULL,NULL,"4110","2021-07-08 09:33:51.821408","2021-07-08 09:33:51.821408","2021-07-08 09:33:51.821408",NULL,"2021-07-08 09:33:51.821408",NULL,NULL,NULL,"VICSFRESH IGA"
"AUSTRALIAN WAY","Brisbane International Airport, Eagle Farm QLD 4009",NULL,"b0b79691-bf49-4905-a17f-2679b217ede2","b0b79691-bf49-4905-a17f-2679b217ede2","{}",NULL,"CUSTOM","Australian Way",NULL,"Brisbane International Airport",NULL,NULL,"Brisbane International Airport","Brisbane International Airport","Eagle Farm","Eagle Farm","QLD","Queensland","AU","Australia","4009","Brisbane International Airport, Eagle Farm QLD 4009",NULL,NULL,"https://www.bne.com.au/passenger/shop-dine-explore/shop/australian-way",NULL,NULL,NULL,"4279","2021-07-08 09:33:51.821408","2021-07-08 09:33:51.821408","2021-07-08 09:33:51.821408",NULL,"2021-07-08 09:33:51.821408",NULL,NULL,NULL,"AUSTRALIAN WAY"
"CROWNE PLZA SYDNEY","60 Burwood Rd, Burwood NSW 2134, Australia",NULL,"e8e25dee-a936-42f8-bf5e-3f21a5512464","e8e25dee-a936-42f8-bf5e-3f21a5512464","{}",NULL,"CUSTOM","Crowne Plaza Sydney Burwood, an IHG Hotel",NULL,NULL,NULL,"60","Burwood Rd","Burwood Road","Burwood","Burwood","NSW","New South Wales","AU","Australia","2134","60 Burwood Rd, Burwood NSW 2134, Australia",NULL,NULL,"https://www.ihg.com/crowneplaza/hotels/us/en/burwood/sydrb/hoteldetail?cm_mmc=GoogleMaps-_-CP-_-AU-_-SYDRB","{""periods"": [{""open"": {""day"": 0, ""time"": ""0000""}}], ""open_now"": true, ""weekday_text"": [""Monday: Open 24 hours"", ""Tuesday: Open 24 hours"", ""Wednesday: Open 24 hours"", ""Thursday: Open 24 hours"", ""Friday: Open 24 hours"", ""Saturday: Open 24 hours"", ""Sunday: Open 24 hours""]}","(02) 8880 4599","+61 2 8880 4599","4400","2021-12-14 15:01:28.771416","2021-12-14 15:01:28.771416","2021-12-14 15:01:28.771416",NULL,"2021-12-14 15:01:28.771416",NULL,NULL,NULL,"CROWNE PLZA SYDNEY"
"WOOLWORTHS","300-304 Albert St, Brunswick VIC 3056",NULL,"6ab0ab70-0000-43c4-b403-0bb9b5e51137","6ab0ab70-0000-43c4-b403-0bb9b5e51137","{}",NULL,"CUSTOM","Woolworths",NULL,NULL,NULL,"300-304","Albert St","Albert Street","Brunswick","Brunswick","VIC","Victoria","AU","Australia","3056","300-304 Albert St, Brunswick VIC 3056",NULL,NULL,"https://www.woolworths.com.au/",NULL,NULL,NULL,"4110","2021-08-25 13:42:25.135218","2021-08-25 13:42:25.135218","2021-08-25 13:42:25.135218",NULL,"2021-08-25 13:42:25.135218",NULL,"woolworths-master.svg","woolworths-thumb.svg","WOOLWORTHS"
"TRAVCOE NOMINEES","471 CHURCHILL AVENUE, SANDY BAY\u200b, TASMANIA, 7005",NULL,"8b1c39d1-90e8-4c57-aad1-9ad201406dce","8b1c39d1-90e8-4c57-aad1-9ad201406dce","{}",NULL,"CUSTOM","Travcoe Nominees",NULL,NULL,NULL,"471","CHURCHILL AVE","CHURCHILL AVENUE","Sandy Bay","Sandy Bay","TAS","Tasmania","AU","Australia","7005","471 CHURCHILL AVENUE, SANDY BAY\u200b, TASMANIA, 7005",NULL,NULL,NULL,NULL,NULL,NULL,NULL,"2021-08-05 15:29:22.297644","2021-08-05 15:29:22.297644","2021-08-05 15:29:22.297644",NULL,"2021-08-05 15:29:22.297644",NULL,NULL,NULL,"TRAVCOE NOMINEES"
"7 HEAVEN CAFE","4/41 Eton St, Sutherland NSW 2232, Australia",NULL,"dd688426-79d6-437f-ba30-ecb790169335","dd688426-79d6-437f-ba30-ecb790169335","{}",NULL,"CUSTOM","7th Heaven Cafe",NULL,NULL,NULL,"4/41","Eton St","Eton Street","Sutherland","Sutherland","NSW","New South Wales","AU","Australia","2232","4/41 Eton St, Sutherland NSW 2232, Australia",NULL,NULL,"https://www.facebook.com/7thHeavencafesutherland/",NULL,NULL,NULL,"4512","2021-07-08 09:33:51.821408","2021-07-08 09:33:51.821408","2021-07-08 09:33:51.821408",NULL,"2021-07-08 09:33:51.821408",NULL,NULL,NULL,"7 HEAVEN CAFE"
"TAMPING GROUND","580 Princes Hwy, Kirrawee NSW 2232, Australia",NULL,"dbe3167b-e632-48be-82b9-b6751cb86727","dbe3167b-e632-48be-82b9-b6751cb86727","{}",NULL,"CUSTOM","Tamping Ground",NULL,NULL,NULL,"580","Princes Hwy","Princes Highway","Kirrawee","Kirrawee","NSW","New South Wales","AU","Australia","2232","580 Princes Hwy, Kirrawee NSW 2232, Australia",NULL,NULL,NULL,NULL,NULL,NULL,"4511","2021-07-08 09:33:51.821408","2021-07-08 09:33:51.821408","2021-07-08 09:33:51.821408",NULL,"2021-07-08 09:33:51.821408",NULL,NULL,NULL,"TAMPING GROUND"
"TENPIN BOWLING ASSOCIATION OF WA","PO Box Z 5185, St Georges Tce Private Boxes WA 6831, Australia",NULL,"28ec2a1c-4c8c-11e8-92d5-0a87c0279fe8","14192262","{""id"": ""14192262"", ""name"": ""Tenpin Bowling Association of WA"", ""score"": 1065, ""aboutId"": ""148b4213-9190-484e-aa24-894f85e55e24"", ""categories"": [{""id"": ""42684"", ""name"": ""Ten Pin Bowling"", ""sensitive"": false}], ""detailsLink"": ""https://www.yellowpages.com.au/wa/st-georges-tce-private-boxes/tenpin-bowling-association-of-wa-14192262-listing.html?referredBy=SAPI-ebNWZNImvAxNWEzxbFEx9VyfChFq-udq"", ""listingType"": ""Business"", ""reportingId"": ""14192262"", ""businessInfo"": {""abn"": """", ""legalId"": """", ""dateEstablished"": """"}, ""openingHours"": {""friday"": {""times"": null, ""status"": """"}, ""monday"": {""times"": null, ""status"": """"}, ""sunday"": {""times"": null, ""status"": """"}, ""tuesday"": {""times"": null, ""status"": """"}, ""saturday"": {""times"": null, ""status"": """"}, ""thursday"": {""times"": null, ""status"": """"}, ""wednesday"": {""times"": null, ""status"": """"}, ""publicHolidays"": {""times"": null, ""status"": """"}}, ""primaryAddress"": {""state"": ""WA"", ""suburb"": ""St Georges Tce Private Boxes"", ""latitude"": """", ""postcode"": ""6831"", ""longitude"": """", ""addressLine"": ""PO Box Z 5185""}, ""primaryContacts"": [{""type"": ""MOBILE"", ""value"": ""0418 388 338""}, {""type"": ""URL"", ""value"": ""http://www.tenpinbowlingwa.com.au""}], ""secondaryContacts"": {""Other Contacts"": [{""type"": ""PHONE"", ""value"": ""0437 510 806""}]}, ""orderedSecondaryContacts"": [{""name"": ""Other Contacts"", ""contacts"": [{""type"": ""PHONE"", ""value"": ""0437 510 806""}]}]}",NULL,"SENSIS","Tenpin Bowling Association of WA",NULL,NULL,NULL,"5185",NULL,NULL,"St Georges Tce Private Boxes","St Georges Tce Private Boxes","WA","Western Australia","AU","Australia","6831","PO Box Z 5185, St Georges Tce Private Boxes WA 6831, Australia",NULL,NULL,"http://www.tenpinbowlingwa.com.au","{""friday"": [], ""monday"": [], ""sunday"": [], ""tuesday"": [], ""saturday"": [], ""thursday"": [], ""wednesday"": []}","0437 510 806","+61 437 510 806","9113","2018-07-26 09:13:12.547376","2018-07-26 09:13:12.547376","2018-11-19 13:20:38.827435",NULL,"2019-10-18 11:01:42.036342","T515",NULL,NULL,"TENPIN BOWLING ASSOCIATION OF WA"
"COCOS ISLANDS VISITOR INFORMATION CENTER","Cocos Islands, Cocos Islands WA 6799, Australia",NULL,"884d9406-4c86-11e8-9ec7-0a87c0279fe8","13090661","{""id"": ""13090661"", ""name"": ""Cocos Islands Visitor Information Centre"", ""score"": 2835.6648, ""aboutId"": ""e02d872a-a50f-44db-9d0f-d4f63f4f27b4"", ""categories"": [{""id"": ""45047"", ""name"": ""Tourist Bureaux"", ""sensitive"": false}], ""detailsLink"": ""https://www.yellowpages.com.au/wa/cocos-islands/cocos-islands-visitor-information-centre-13090661-listing.html?referredBy=SAPI-ebNWZNImvAxNWEzxbFEx9VyfChFq-udq"", ""listingType"": ""Business"", ""reportingId"": ""13090661"", ""businessInfo"": {""abn"": """", ""legalId"": """", ""dateEstablished"": """"}, ""openingHours"": {""friday"": {""times"": null, ""status"": """"}, ""monday"": {""times"": null, ""status"": """"}, ""sunday"": {""times"": null, ""status"": """"}, ""tuesday"": {""times"": null, ""status"": """"}, ""saturday"": {""times"": null, ""status"": """"}, ""thursday"": {""times"": null, ""status"": """"}, ""wednesday"": {""times"": null, ""status"": """"}, ""publicHolidays"": {""times"": null, ""status"": """"}}, ""primaryAddress"": {""state"": ""WA"", ""suburb"": ""Cocos Islands"", ""latitude"": """", ""postcode"": ""6799"", ""longitude"": """", ""addressLine"": ""Cocos Islands""}, ""primaryContacts"": [{""type"": ""PHONE"", ""value"": ""(08) 9162 6790""}], ""secondaryContacts"": {""Other Contacts"": null}, ""orderedSecondaryContacts"": null}",NULL,"SENSIS","Cocos Islands Visitor Information Centre",NULL,NULL,NULL,NULL,"Cocos Islands",NULL,"Cocos Islands","Cocos Islands","WA","Western Australia","AU","Australia","6799","Cocos Islands, Cocos Islands WA 6799, Australia",NULL,NULL,NULL,"{""friday"": [], ""monday"": [], ""sunday"": [], ""tuesday"": [], ""saturday"": [], ""thursday"": [], ""wednesday"": []}","08 9162 6790","+61 8 9162 6790","7720","2018-07-26 09:13:12.547376","2018-07-26 09:13:12.547376","2018-11-19 13:20:24.388483",NULL,"2019-10-18 11:01:42.036342","C222",NULL,NULL,"COCOS ISLANDS VISITOR INFORMATION CENTER"
"MCDONALDS","130 Queen Street, Brisbane City QLD 4000, Australia",NULL,"d1ad3d84-486e-11e8-87ae-0a87c0279fe8","McDonalds 3206 Queen Street","{""id"": ""McDonalds 3206 Queen Street"", ""storeId"": ""3206"", ""identity"": {""status"": ""active"", ""website"": ""https://mcdonalds.com.au/"", ""entityName"": null, ""businessName"": ""McDonalds"", ""phoneNumbers"": [{""local"": ""TBA"", ""phoneType"": null, ""international"": ""+61 BA""}], ""businessNumber"": null, ""operatingHours"": {""friday"": [{""end"": ""24:00"", ""begin"": ""00:00""}], ""monday"": [{""end"": ""24:00"", ""begin"": ""00:00""}], ""sunday"": [{""end"": ""24:00"", ""begin"": ""00:00""}], ""tuesday"": [{""end"": ""24:00"", ""begin"": ""00:00""}], ""saturday"": [{""end"": ""24:00"", ""begin"": ""00:00""}], ""thursday"": [{""end"": ""24:00"", ""begin"": ""00:00""}], ""wednesday"": [{""end"": ""24:00"", ""begin"": ""00:00""}]}}, ""location"": {""route"": """", ""country"": {""code"": ""AU"", ""name"": ""Australia""}, ""routeNo"": """", ""geometry"": {""lat"": """", ""lng"": """"}, ""locality"": {""longName"": ""Brisbane City"", ""shortName"": ""Brisbane City""}, ""postalCode"": ""4000"", ""formattedAddress"": ""130 Queen Street, Brisbane City QLD 4000, Australia"", ""administrativeArea1"": {""longName"": ""Queensland"", ""shortName"": ""QLD""}, ""administrativeArea2"": {""longName"": """", ""shortName"": """"}}, ""storeName"": ""Queen Street"", ""classification"": {""class"": {""code"": ""4512"", ""title"": ""Takeaway Food Services""}, ""group"": {""code"": ""451"", ""title"": ""Cafes, Restaurants and Takeaway Food Services""}, ""division"": {""code"": ""H"", ""title"": ""Accommodation and Food Services""}, ""subdivision"": {""code"": ""45"", ""title"": ""Food and Beverage Services""}}}",NULL,"CUSTOM","McDonalds",NULL,"Queen Street","3206",NULL,NULL,NULL,"Brisbane City","Brisbane City","QLD","Queensland","AU","Australia","4000","130 Queen Street, Brisbane City QLD 4000, Australia",NULL,NULL,"https://mcdonalds.com.au/",NULL,NULL,NULL,"4512","2018-07-26 09:13:12.547376","2018-07-26 09:13:12.547376","2018-08-08 11:54:42.58206",NULL,"2019-10-18 11:01:42.036342","M235","mcdonalds-master.svg","mcdonalds-thumb.svg","MCDONALDS"
"MCDONALDS","5 Boggy Creek Road, Valla NSW 2448, Australia",NULL,"d1a59d68-486e-11e8-9d71-0a87c0279fe8","McDonalds 3177 Nambucca Highway Service Centre","{""id"": ""McDonalds 3177 Nambucca Highway Service Centre"", ""storeId"": ""3177"", ""identity"": {""status"": ""active"", ""website"": ""https://mcdonalds.com.au/"", ""entityName"": null, ""businessName"": ""McDonalds"", ""phoneNumbers"": [{""local"": ""02 6568 9536"", ""phoneType"": null, ""international"": ""+61 2 6568 9536""}], ""businessNumber"": null, ""operatingHours"": {""friday"": [{""end"": ""24:00"", ""begin"": ""06:00""}], ""monday"": [{""end"": ""24:00"", ""begin"": ""06:00""}], ""sunday"": [{""end"": ""24:00"", ""begin"": ""06:00""}], ""tuesday"": [{""end"": ""24:00"", ""begin"": ""06:00""}], ""saturday"": [{""end"": ""24:00"", ""begin"": ""06:00""}], ""thursday"": [{""end"": ""24:00"", ""begin"": ""06:00""}], ""wednesday"": [{""end"": ""24:00"", ""begin"": ""06:00""}]}}, ""location"": {""route"": """", ""country"": {""code"": ""AU"", ""name"": ""Australia""}, ""routeNo"": """", ""geometry"": {""lat"": """", ""lng"": """"}, ""locality"": {""longName"": ""Valla"", ""shortName"": ""Valla""}, ""postalCode"": ""2448"", ""formattedAddress"": ""5 Boggy Creek Road, Valla NSW 2448, Australia"", ""administrativeArea1"": {""longName"": ""New South Wales"", ""shortName"": ""NSW""}, ""administrativeArea2"": {""longName"": """", ""shortName"": """"}}, ""storeName"": ""Nambucca Highway Service Centre"", ""classification"": {""class"": {""code"": ""4512"", ""title"": ""Takeaway Food Services""}, ""group"": {""code"": ""451"", ""title"": ""Cafes, Restaurants and Takeaway Food Services""}, ""division"": {""code"": ""H"", ""title"": ""Accommodation and Food Services""}, ""subdivision"": {""code"": ""45"", ""title"": ""Food and Beverage Services""}}}",NULL,"CUSTOM","McDonalds",NULL,"Nambucca Highway Service Centre","3177",NULL,NULL,NULL,"Valla","Valla","NSW","New South Wales","AU","Australia","2448","5 Boggy Creek Road, Valla NSW 2448, Australia",NULL,NULL,"https://mcdonalds.com.au/",NULL,NULL,NULL,"4512","2018-07-26 09:13:12.547376","2018-07-26 09:13:12.547376","2018-08-08 11:54:42.581677",NULL,"2019-10-18 11:01:42.036342","M235","mcdonalds-master.svg","mcdonalds-thumb.svg","MCDONALDS"
"COCOS ORIENTAL","3 Jalan Pantai, Home Island WA 6799, Australia",NULL,"c763efd6-5902-11e8-89c7-0a87c0279fe8","W10709707","{""id"": ""W10709707"", ""name"": ""Cocos Oriental"", ""score"": 3788.3555, ""aboutId"": """", ""categories"": [], ""detailsLink"": ""http://www.whitepages.com.au/cocos-oriental-10709709/home-island-wa-10709707B?referredBy=SAPI-ebNWZNImvAxNWEzxbFEx9VyfChFq-udq"", ""listingType"": ""B"", ""reportingId"": ""W10709707"", ""businessInfo"": {""abn"": """", ""legalId"": """", ""dateEstablished"": """"}, ""openingHours"": {""friday"": {""times"": null, ""status"": """"}, ""monday"": {""times"": null, ""status"": """"}, ""sunday"": {""times"": null, ""status"": """"}, ""tuesday"": {""times"": null, ""status"": """"}, ""saturday"": {""times"": null, ""status"": """"}, ""thursday"": {""times"": null, ""status"": """"}, ""wednesday"": {""times"": null, ""status"": """"}, ""publicHolidays"": {""times"": null, ""status"": """"}}, ""primaryAddress"": {""state"": ""WA"", ""suburb"": ""Home Island"", ""latitude"": """", ""postcode"": ""6799"", ""longitude"": """", ""addressLine"": ""3 Jalan Pantai""}, ""primaryContacts"": [{""type"": ""PHONE"", ""value"": ""(08) 9162 7755""}], ""secondaryContacts"": {""Other Contacts"": null}, ""orderedSecondaryContacts"": null}",NULL,"SENSIS","Cocos Oriental",NULL,NULL,NULL,"3","Jalan Pantai",NULL,"Home Island","Home Island","WA","Western Australia","AU","Australia","6799","3 Jalan Pantai, Home Island WA 6799, Australia",NULL,NULL,NULL,"{""friday"": [], ""monday"": [], ""sunday"": [], ""tuesday"": [], ""saturday"": [], ""thursday"": [], ""wednesday"": []}","08 9162 7755","+61 8 9162 7755","4400","2018-07-26 09:13:12.547376","2018-07-26 09:13:12.547376","2018-11-19 13:20:48.50663",NULL,"2019-10-18 11:01:42.036342","C226",NULL,NULL,"COCOS ORIENTAL"
"MCDONALDS"," Pinjarra Road, Mandurah WA 6210, Australia",NULL,"d1b5db42-486e-11e8-8f0e-0a87c0279fe8","McDonalds 3208 Mandurah Forum Shopping Centre Ii","{""id"": ""McDonalds 3208 Mandurah Forum Shopping Centre Ii"", ""storeId"": ""3208"", ""identity"": {""status"": ""active"", ""website"": ""https://mcdonalds.com.au/"", ""entityName"": null, ""businessName"": ""McDonalds"", ""phoneNumbers"": [{""local"": ""08 9555 4803"", ""phoneType"": null, ""international"": ""+61 8 9555 4803""}], ""businessNumber"": null, ""operatingHours"": {""friday"": [{""end"": ""24:00"", ""begin"": ""00:00""}], ""monday"": [{""end"": ""24:00"", ""begin"": ""00:00""}], ""sunday"": [{""end"": ""24:00"", ""begin"": ""00:00""}], ""tuesday"": [{""end"": ""24:00"", ""begin"": ""00:00""}], ""saturday"": [{""end"": ""24:00"", ""begin"": ""00:00""}], ""thursday"": [{""end"": ""24:00"", ""begin"": ""00:00""}], ""wednesday"": [{""end"": ""24:00"", ""begin"": ""00:00""}]}}, ""location"": {""route"": """", ""country"": {""code"": ""AU"", ""name"": ""Australia""}, ""routeNo"": """", ""geometry"": {""lat"": """", ""lng"": """"}, ""locality"": {""longName"": ""Mandurah"", ""shortName"": ""Mandurah""}, ""postalCode"": ""6210"", ""formattedAddress"": "" Pinjarra Road, Mandurah WA 6210, Australia"", ""administrativeArea1"": {""longName"": ""Western Australia"", ""shortName"": ""WA""}, ""administrativeArea2"": {""longName"": """", ""shortName"": """"}}, ""storeName"": ""Mandurah Forum Shopping Centre Ii"", ""classification"": {""class"": {""code"": ""4512"", ""title"": ""Takeaway Food Services""}, ""group"": {""code"": ""451"", ""title"": ""Cafes, Restaurants and Takeaway Food Services""}, ""division"": {""code"": ""H"", ""title"": ""Accommodation and Food Services""}, ""subdivision"": {""code"": ""45"", ""title"": ""Food and Beverage Services""}}}",NULL,"CUSTOM","McDonalds",NULL,"Mandurah Forum Shopping Centre","3208",NULL,NULL,NULL,"Mandurah","Mandurah","WA","Western Australia","AU","Australia","6210"," Pinjarra Road, Mandurah WA 6210, Australia",NULL,NULL,"https://mcdonalds.com.au/",NULL,NULL,NULL,"4512","2018-07-26 09:13:12.547376","2018-07-26 09:13:12.547376","2018-08-08 11:54:42.541412",NULL,"2019-10-18 11:01:42.036342","M235","mcdonalds-master.svg","mcdonalds-thumb.svg","MCDONALDS"
"PRICELINE","Shop 55 QV Retail Center Lonsdale St &, Swanston St, Melbourne VIC 3000, Australia",NULL,"42a4b230-1d72-4682-bf12-ba5fd06198c1","42a4b230-1d72-4682-bf12-ba5fd06198c1","{}",NULL,"CUSTOM","Priceline",NULL,"QV Melbourne","2463",NULL,NULL,NULL,"QV Melbourne","Queen Victoria Melbourne",NULL,NULL,"AU","Australia","3000","Shop 55 QV Retail Center Lonsdale St &, Swanston St, Melbourne VIC 3000, Australia",NULL,NULL,"https://www.priceline.com.au/store-locator/priceline-pharmacy-qv",NULL,"03 9654 4470","+61 3 9654 4470","4271","2020-03-10 13:44:05.438587","2020-03-10 13:44:05.438587","2020-03-10 13:44:05.438587",NULL,"2020-03-10 13:44:05.438587","P624","priceline-master.png","priceline-thumb.png","PRICELINE"
"COCOS KEELING ISLANDS TOURISM ASSOCIATION INC","Lot 349/ Sydney Highway, West Island WA 6799, Australia",NULL,"c41de9ee-4c87-11e8-ab3e-0a87c0279fe8","W10589998","{""id"": ""W10589998"", ""name"": ""Cocos Keeling Islands Tourism Assn Inc"", ""score"": 4363.823, ""aboutId"": """", ""categories"": [], ""detailsLink"": ""http://www.whitepages.com.au/cocos-keeling-islands-tourism-assn-inc-10589995/west-island-wa-10589998B?referredBy=SAPI-ebNWZNImvAxNWEzxbFEx9VyfChFq-udq"", ""listingType"": ""B"", ""reportingId"": ""W10589998"", ""businessInfo"": {""abn"": """", ""legalId"": """", ""dateEstablished"": """"}, ""openingHours"": {""friday"": {""times"": null, ""status"": """"}, ""monday"": {""times"": null, ""status"": """"}, ""sunday"": {""times"": null, ""status"": """"}, ""tuesday"": {""times"": null, ""status"": """"}, ""saturday"": {""times"": null, ""status"": """"}, ""thursday"": {""times"": null, ""status"": """"}, ""wednesday"": {""times"": null, ""status"": """"}, ""publicHolidays"": {""times"": null, ""status"": """"}}, ""primaryAddress"": {""state"": ""WA"", ""suburb"": ""West Island"", ""latitude"": """", ""postcode"": ""6799"", ""longitude"": """", ""addressLine"": ""Lot 349/ Sydney Highway""}, ""primaryContacts"": [{""type"": ""PHONE"", ""value"": ""(08) 9162 6542""}], ""secondaryContacts"": {""Other Contacts"": null}, ""orderedSecondaryContacts"": null}",NULL,"SENSIS","Cocos Keeling Islands Tourism Assn Inc",NULL,NULL,NULL,"349/","Sydney Highway",NULL,"West Island","West Island","WA","Western Australia","AU","Australia","6799","Lot 349/ Sydney Highway, West Island WA 6799, Australia",NULL,NULL,NULL,"{""friday"": [], ""monday"": [], ""sunday"": [], ""tuesday"": [], ""saturday"": [], ""thursday"": [], ""wednesday"": []}","08 9162 6542","+61 8 9162 6542","7720","2018-07-26 09:13:12.547376","2018-07-26 09:13:12.547376","2018-11-19 13:20:55.565373",NULL,"2019-10-18 11:01:42.036342","C224",NULL,NULL,"COCOS KEELING ISLANDS TOURISM ASSOCIATION INC"
"STAGECOACH THEATRE ARTS SCHOOLS","PO Box 7366, Cloisters Square WA 6850, Australia",NULL,"559dc54a-7070-11e8-8909-0a97eab31f0c","12265012","{""id"": ""12265012"", ""name"": ""Stagecoach Theatre Arts Schools, Perth Central"", ""score"": 797.79944, ""aboutId"": ""fc6f39a1-009f-4700-902d-8082ac9a09c6"", ""categories"": [{""id"": ""20761"", ""name"": ""Ballet Classes & Lessons"", ""sensitive"": false}], ""detailsLink"": ""https://www.yellowpages.com.au/wa/cloisters-square/stagecoach-theatre-arts-schools-perth-central-12265012-listing.html?referredBy=SAPI-ebNWZNImvAxNWEzxbFEx9VyfChFq-udq"", ""listingType"": ""Business"", ""reportingId"": ""12265012"", ""businessInfo"": {""abn"": """", ""legalId"": """", ""dateEstablished"": ""2000""}, ""openingHours"": {""friday"": {""times"": [{""open"": ""15:30"", ""close"": ""19:15""}], ""status"": ""open""}, ""monday"": {""times"": null, ""status"": """"}, ""sunday"": {""times"": null, ""status"": """"}, ""tuesday"": {""times"": null, ""status"": """"}, ""saturday"": {""times"": [{""open"": ""08:30"", ""close"": ""17:30""}], ""status"": ""open""}, ""thursday"": {""times"": null, ""status"": """"}, ""wednesday"": {""times"": null, ""status"": """"}, ""publicHolidays"": {""times"": null, ""status"": """"}}, ""primaryAddress"": {""state"": ""WA"", ""suburb"": ""Cloisters Square"", ""latitude"": """", ""postcode"": ""6850"", ""longitude"": """", ""addressLine"": ""PO Box 7366""}, ""primaryContacts"": [{""type"": ""PHONE"", ""value"": ""(08) 9322 6300""}, {""type"": ""URL"", ""value"": ""http://www.stagecoachschools.com.au""}], ""secondaryContacts"": {""Other Contacts"": null}, ""orderedSecondaryContacts"": null}",NULL,"SENSIS","Stagecoach Theatre Arts Schools, Perth Central",NULL,NULL,NULL,"7366",NULL,NULL,"Cloisters Square","Cloisters Square","WA","Western Australia","AU","Australia","6850","PO Box 7366, Cloisters Square WA 6850, Australia",NULL,NULL,"http://www.stagecoachschools.com.au","{""friday"": [{""end"": ""19:15"", ""begin"": ""15:30""}], ""monday"": [], ""sunday"": [], ""tuesday"": [], ""saturday"": [{""end"": ""17:30"", ""begin"": ""08:30""}], ""thursday"": [], ""wednesday"": []}","08 9322 6300","+61 8 9322 6300",NULL,"2018-07-26 09:13:12.547376","2018-07-26 09:13:12.547376","2018-11-19 13:20:16.086987",NULL,"2019-10-18 11:01:42.036342","S322",NULL,NULL,"STAGECOACH THEATRE ARTS SCHOOLS"
"DOC PIZZA & MOZZARELLA BAR","295 Drummond St, Carlton VIC 3053, Australia",NULL,"a4cc8e5f-f0e5-477d-907b-8e84a7f4d6cd","a4cc8e5f-f0e5-477d-907b-8e84a7f4d6cd","{}",NULL,"CUSTOM","DOC Pizza & Mozzarella Bar",NULL,NULL,NULL,"295","Drummond St","Drummond Street","Carlton","Carlton","VIC","Victoria","AU","Australia","3053","295 Drummond St, Carlton VIC 3053, Australia",NULL,NULL,"http://docgroup.net/",NULL,"(03) 9347 2998","+61 3 9347 2998","4511","2021-12-14 15:01:28.771416","2021-12-14 15:01:28.771416","2021-12-14 15:01:28.771416",NULL,"2021-12-14 15:01:28.771416",NULL,NULL,NULL,"DOC PIZZA & MOZZARELLA BAR"
"ELIETTE","Shop 10 Eton Arcade, 23-27 Eton St, Sutherland NSW 2232, Australia",NULL,"bcafec11-ae6d-4711-a039-44a6956f99e2","bcafec11-ae6d-4711-a039-44a6956f99e2","{}",NULL,"CUSTOM","Eliette",NULL,NULL,NULL,"23-27","Eton St","Eton Street","Sutherland","Sutherland","NSW","New South Wales","AU","Australia","2232","Shop 10 Eton Arcade, 23-27 Eton St, Sutherland NSW 2232, Australia",NULL,NULL,"http://www.eliette.com.au/","{""periods"": [{""open"": {""day"": 1, ""time"": ""0600""}, ""close"": {""day"": 1, ""time"": ""1530""}}, {""open"": {""day"": 2, ""time"": ""0600""}, ""close"": {""day"": 2, ""time"": ""1530""}}, {""open"": {""day"": 3, ""time"": ""0600""}, ""close"": {""day"": 3, ""time"": ""1530""}}, {""open"": {""day"": 4, ""time"": ""0600""}, ""close"": {""day"": 4, ""time"": ""1530""}}, {""open"": {""day"": 5, ""time"": ""0600""}, ""close"": {""day"": 5, ""time"": ""1530""}}, {""open"": {""day"": 6, ""time"": ""0700""}, ""close"": {""day"": 6, ""time"": ""1400""}}], ""open_now"": true, ""weekday_text"": [""Monday: 6:00 AM – 3:30 PM"", ""Tuesday: 6:00 AM – 3:30 PM"", ""Wednesday: 6:00 AM – 3:30 PM"", ""Thursday: 6:00 AM – 3:30 PM"", ""Friday: 6:00 AM – 3:30 PM"", ""Saturday: 7:00 AM – 2:00 PM"", ""Sunday: Closed""]}",NULL,NULL,NULL,"2021-12-14 15:01:28.771416","2021-12-14 15:01:28.771416","2021-12-14 15:01:28.771416",NULL,"2021-12-14 15:01:28.771416",NULL,NULL,NULL,"ELIETTE"
"SONDER CAFE","227 Glenmore Rd, Paddington NSW 2021, Australia",NULL,"d7634185-ee40-4e01-b699-1c9077ad5594","d7634185-ee40-4e01-b699-1c9077ad5594","{}",NULL,"CUSTOM","Sonder Cafe",NULL,NULL,NULL,"227","Glenmore Rd","Glenmore Road","Paddington","Paddington","NSW","New South Wales","AU","Australia","2021","227 Glenmore Rd, Paddington NSW 2021, Australia",NULL,NULL,"http://www.sondercafe.com.au/","{""periods"": [{""open"": {""day"": 0, ""time"": ""0700""}, ""close"": {""day"": 0, ""time"": ""1600""}}, {""open"": {""day"": 1, ""time"": ""0700""}, ""close"": {""day"": 1, ""time"": ""1600""}}, {""open"": {""day"": 2, ""time"": ""0700""}, ""close"": {""day"": 2, ""time"": ""1600""}}, {""open"": {""day"": 3, ""time"": ""0700""}, ""close"": {""day"": 3, ""time"": ""1600""}}, {""open"": {""day"": 4, ""time"": ""0700""}, ""close"": {""day"": 4, ""time"": ""1600""}}, {""open"": {""day"": 5, ""time"": ""0700""}, ""close"": {""day"": 5, ""time"": ""1600""}}, {""open"": {""day"": 6, ""time"": ""0700""}, ""close"": {""day"": 6, ""time"": ""1600""}}], ""open_now"": true, ""weekday_text"": [""Monday: 7:00 AM – 4:00 PM"", ""Tuesday: 7:00 AM – 4:00 PM"", ""Wednesday: 7:00 AM – 4:00 PM"", ""Thursday: 7:00 AM – 4:00 PM"", ""Friday: 7:00 AM – 4:00 PM"", ""Saturday: 7:00 AM – 4:00 PM"", ""Sunday: 7:00 AM – 4:00 PM""]}","0481 056 848","+61 481 056 848","4511","2021-12-14 15:01:28.771416","2021-12-14 15:01:28.771416","2021-12-14 15:01:28.771416",NULL,"2021-12-14 15:01:28.771416",NULL,NULL,NULL,"SONDER CAFE"
"GUTHEGA SKI CLUB INC","Lot 113/ Guthega Road, Guthega NSW 2624, Australia",NULL,"416d42c6-4924-11e8-ba35-0a87c0279fe8","W11064813","{""id"": ""W11064813"", ""name"": ""Guthega Ski Club Inc"", ""score"": 2970.1853, ""aboutId"": """", ""categories"": [], ""detailsLink"": ""http://www.whitepages.com.au/guthega-ski-club-inc-11064812/guthega-nsw-11064813B?referredBy=SAPI-ebNWZNImvAxNWEzxbFEx9VyfChFq-udq"", ""listingType"": ""B"", ""reportingId"": ""W11064813"", ""businessInfo"": {""abn"": """", ""legalId"": """", ""dateEstablished"": """"}, ""openingHours"": {""friday"": {""times"": null, ""status"": """"}, ""monday"": {""times"": null, ""status"": """"}, ""sunday"": {""times"": null, ""status"": """"}, ""tuesday"": {""times"": null, ""status"": """"}, ""saturday"": {""times"": null, ""status"": """"}, ""thursday"": {""times"": null, ""status"": """"}, ""wednesday"": {""times"": null, ""status"": """"}, ""publicHolidays"": {""times"": null, ""status"": """"}}, ""primaryAddress"": {""state"": ""NSW"", ""suburb"": ""Guthega"", ""latitude"": """", ""postcode"": ""2624"", ""longitude"": """", ""addressLine"": ""Lot 113/ Guthega Road""}, ""primaryContacts"": [{""type"": ""PHONE"", ""value"": ""(02) 6457 5241""}], ""secondaryContacts"": {""Other Contacts"": null}, ""orderedSecondaryContacts"": null}",NULL,"SENSIS","Guthega Ski Club Inc",NULL,NULL,NULL,"113/","Guthega Road",NULL,"Guthega","Guthega","NSW","New South Wales","AU","Australia","2624","Lot 113/ Guthega Road, Guthega NSW 2624, Australia",NULL,NULL,NULL,"{""friday"": [], ""monday"": [], ""sunday"": [], ""tuesday"": [], ""saturday"": [], ""thursday"": [], ""wednesday"": []}","02 6457 5241","+61 2 6457 5241","4400","2018-07-26 09:13:12.547376","2018-07-26 09:13:12.547376","2018-11-19 13:21:02.268195",NULL,"2019-10-18 11:01:42.036342","G322",NULL,NULL,"GUTHEGA SKI CLUB INC"
"FLINDERS LANE CAFE","2/31 Flinders Ln, Maroochydore QLD 4558, Australia",NULL,"8c804cd5-6fd3-4184-a331-55bd6a2b3a8b","8c804cd5-6fd3-4184-a331-55bd6a2b3a8b","{}",NULL,"CUSTOM","Flinders Lane Cafe",NULL,NULL,NULL,"31","Flinders Ln","Flinders Lane","Maroochydore","Maroochydore","QLD","Queensland","AU","Australia","4558","2/31 Flinders Ln, Maroochydore QLD 4558, Australia",NULL,NULL,"http://www.flinderslanecafe.com.au/","{""periods"": [{""open"": {""day"": 0, ""time"": ""0700""}, ""close"": {""day"": 0, ""time"": ""1200""}}, {""open"": {""day"": 1, ""time"": ""0630""}, ""close"": {""day"": 1, ""time"": ""1330""}}, {""open"": {""day"": 2, ""time"": ""0630""}, ""close"": {""day"": 2, ""time"": ""1330""}}, {""open"": {""day"": 3, ""time"": ""0630""}, ""close"": {""day"": 3, ""time"": ""1330""}}, {""open"": {""day"": 4, ""time"": ""0630""}, ""close"": {""day"": 4, ""time"": ""1330""}}, {""open"": {""day"": 5, ""time"": ""0630""}, ""close"": {""day"": 5, ""time"": ""1330""}}, {""open"": {""day"": 6, ""time"": ""0700""}, ""close"": {""day"": 6, ""time"": ""1200""}}], ""open_now"": true, ""weekday_text"": [""Monday: 6:30 AM – 1:30 PM"", ""Tuesday: 6:30 AM – 1:30 PM"", ""Wednesday: 6:30 AM – 1:30 PM"", ""Thursday: 6:30 AM – 1:30 PM"", ""Friday: 6:30 AM – 1:30 PM"", ""Saturday: 7:00 AM – 12:00 PM"", ""Sunday: 7:00 AM – 12:00 PM""]}","0476 986 317","+61 476 986 317","4512","2021-12-14 15:01:28.771416","2021-12-14 15:01:28.771416","2021-12-14 15:01:28.771416",NULL,"2021-12-14 15:01:28.771416",NULL,NULL,NULL,"FLINDERS LANE CAFE"
"MCDONALDS","64 Laidley Plainland Road, Plainland QLD 4341, Australia",NULL,"d1a9368a-486e-11e8-abf7-0a87c0279fe8","McDonalds 3181 Plainland","{""id"": ""McDonalds 3181 Plainland"", ""storeId"": ""3181"", ""identity"": {""status"": ""active"", ""website"": ""https://mcdonalds.com.au/"", ""entityName"": null, ""businessName"": ""McDonalds"", ""phoneNumbers"": [{""local"": ""07 54113333"", ""phoneType"": null, ""international"": ""+61 7 54113333""}], ""businessNumber"": null, ""operatingHours"": {""friday"": [{""end"": ""24:00"", ""begin"": ""05:00""}], ""monday"": [{""end"": ""24:00"", ""begin"": ""05:00""}], ""sunday"": [{""end"": ""24:00"", ""begin"": ""05:00""}], ""tuesday"": [{""end"": ""24:00"", ""begin"": ""05:00""}], ""saturday"": [{""end"": ""24:00"", ""begin"": ""05:00""}], ""thursday"": [{""end"": ""24:00"", ""begin"": ""05:00""}], ""wednesday"": [{""end"": ""24:00"", ""begin"": ""05:00""}]}}, ""location"": {""route"": """", ""country"": {""code"": ""AU"", ""name"": ""Australia""}, ""routeNo"": """", ""geometry"": {""lat"": """", ""lng"": """"}, ""locality"": {""longName"": ""Plainland"", ""shortName"": ""Plainland""}, ""postalCode"": ""4341"", ""formattedAddress"": ""64 Laidley Plainland Road, Plainland QLD 4341, Australia"", ""administrativeArea1"": {""longName"": ""Queensland"", ""shortName"": ""QLD""}, ""administrativeArea2"": {""longName"": """", ""shortName"": """"}}, ""storeName"": ""Plainland"", ""classification"": {""class"": {""code"": ""4512"", ""title"": ""Takeaway Food Services""}, ""group"": {""code"": ""451"", ""title"": ""Cafes, Restaurants and Takeaway Food Services""}, ""division"": {""code"": ""H"", ""title"": ""Accommodation and Food Services""}, ""subdivision"": {""code"": ""45"", ""title"": ""Food and Beverage Services""}}}",NULL,"CUSTOM","McDonalds",NULL,NULL,"3181",NULL,NULL,NULL,"Plainland","Plainland","QLD","Queensland","AU","Australia","4341","64 Laidley Plainland Road, Plainland QLD 4341, Australia",NULL,NULL,"https://mcdonalds.com.au/",NULL,NULL,NULL,"4512","2018-07-26 09:13:12.547376","2018-07-26 09:13:12.547376","2018-08-08 11:54:42.580922",NULL,"2019-10-18 11:01:42.036342","M235","mcdonalds-master.svg","mcdonalds-thumb.svg","MCDONALDS"
"MYER CENTER CAR PARK"," 91 Queen St, Brisbane City QLD 4000, Australia",NULL,"8a63ced9-47d0-48cd-b451-55b5372cb904","8a63ced9-47d0-48cd-b451-55b5372cb904","{}",NULL,"CUSTOM","Myer centre car park",NULL,"Brisbane",NULL,"91","Queen St","Queen Street","Brisbane","Brisbane City","QLD","Queensland","AU","Australia","4000"," 91 Queen St, Brisbane City QLD 4000, Australia",NULL,NULL,"https://www.themyercentre.com.au/parking/car-park-information",NULL,NULL,NULL,"9533","2021-07-08 09:33:51.821408","2021-07-08 09:33:51.821408","2021-07-08 09:33:51.821408",NULL,"2021-07-08 09:33:51.821408",NULL,NULL,NULL,"MYER CENTER CAR PARK"
"SAINT LUCIFER","4 Crinan St, Hurlstone Park NSW 2193, Australia",NULL,"612b40a0-c6f8-439a-8515-6a54d2e135ee","612b40a0-c6f8-439a-8515-6a54d2e135ee","{}",NULL,"CUSTOM","Saint Lucifer",NULL,NULL,NULL,"4","Crinan St","Crinan Street","Hurlstone Park","Hurlstone Park","NSW","New South Wales","AU","Australia","2193","4 Crinan St, Hurlstone Park NSW 2193, Australia",NULL,NULL,"https://www.saintlucifer.com.au/",NULL,NULL,NULL,"4512","2021-07-08 09:33:51.821408","2021-07-08 09:33:51.821408","2021-07-08 09:33:51.821408",NULL,"2021-07-08 09:33:51.821408",NULL,NULL,NULL,"SAINT LUCIFER"
"PADDINGTON COMPOUNDING PHARMACY","322-324 Oxford St, Paddington NSW 2021, Australia",NULL,"b317b12a-75d2-4bce-99eb-461603ab0508","b317b12a-75d2-4bce-99eb-461603ab0508","{}",NULL,"CUSTOM","Paddington Compounding Pharmacy",NULL,NULL,NULL,"322-324","Oxford St","Oxford Street","Paddington","Paddington","NSW","New South Wales","AU","Australia","2021","322-324 Oxford St, Paddington NSW 2021, Australia",NULL,NULL,NULL,"{""periods"": [{""open"": {""day"": 0, ""time"": ""0830""}, ""close"": {""day"": 0, ""time"": ""1800""}}, {""open"": {""day"": 1, ""time"": ""0830""}, ""close"": {""day"": 1, ""time"": ""1900""}}, {""open"": {""day"": 2, ""time"": ""0830""}, ""close"": {""day"": 2, ""time"": ""1900""}}, {""open"": {""day"": 3, ""time"": ""0830""}, ""close"": {""day"": 3, ""time"": ""1900""}}, {""open"": {""day"": 4, ""time"": ""0830""}, ""close"": {""day"": 4, ""time"": ""1900""}}, {""open"": {""day"": 5, ""time"": ""0830""}, ""close"": {""day"": 5, ""time"": ""1900""}}, {""open"": {""day"": 6, ""time"": ""0830""}, ""close"": {""day"": 6, ""time"": ""1800""}}], ""open_now"": true, ""weekday_text"": [""Monday: 8:30 AM – 7:00 PM"", ""Tuesday: 8:30 AM – 7:00 PM"", ""Wednesday: 8:30 AM – 7:00 PM"", ""Thursday: 8:30 AM – 7:00 PM"", ""Friday: 8:30 AM – 7:00 PM"", ""Saturday: 8:30 AM – 6:00 PM"", ""Sunday: 8:30 AM – 6:00 PM""]}","(02) 9360 4566","+61 2 9360 4566","4271","2021-12-14 15:01:28.771416","2021-12-14 15:01:28.771416","2021-12-14 15:01:28.771416",NULL,"2021-12-14 15:01:28.771416",NULL,NULL,NULL,"PADDINGTON COMPOUNDING PHARMACY"
"CURRENCY","Suite 23, Portland House, Glacis Road, Gibraltar, GX11 1AA",NULL,"e7556f4c-f0aa-40bc-86ac-d5ee6fce11cf","e7556f4c-f0aa-40bc-86ac-d5ee6fce11cf","{}",NULL,"CUSTOM","currency.com",NULL,NULL,NULL,NULL,NULL,NULL,"Gibraltar","Gibraltar",NULL,NULL,"UK","United Kingdom",NULL,"Suite 23, Portland House, Glacis Road, Gibraltar, GX11 1AA",NULL,NULL,NULL,NULL,NULL,NULL,"6419","2021-07-09 13:25:23.306206","2021-07-09 13:25:23.306206","2021-07-09 13:25:23.306206",NULL,"2021-07-09 13:25:23.306206",NULL,NULL,NULL,"CURRENCY"
"COCOS KEELING ISLANDS","Morea Crest, Cocos Islands WA 6799, Australia",NULL,"1dd2ae52-76c7-11e8-9408-0a97eab31f0c","W11747875","{""id"": ""W11747875"", ""name"": ""Cocos Keeling Islands"", ""score"": 6096.621, ""aboutId"": """", ""categories"": [], ""detailsLink"": ""http://www.whitepages.com.au/cocos-keeling-islands-11747878/cocos-islands-wa-11747875B?referredBy=SAPI-ebNWZNImvAxNWEzxbFEx9VyfChFq-udq"", ""listingType"": ""B"", ""reportingId"": ""W11747875"", ""businessInfo"": {""abn"": """", ""legalId"": """", ""dateEstablished"": """"}, ""openingHours"": {""friday"": {""times"": null, ""status"": """"}, ""monday"": {""times"": null, ""status"": """"}, ""sunday"": {""times"": null, ""status"": """"}, ""tuesday"": {""times"": null, ""status"": """"}, ""saturday"": {""times"": null, ""status"": """"}, ""thursday"": {""times"": null, ""status"": """"}, ""wednesday"": {""times"": null, ""status"": """"}, ""publicHolidays"": {""times"": null, ""status"": """"}}, ""primaryAddress"": {""state"": ""WA"", ""suburb"": ""Cocos Islands"", ""latitude"": """", ""postcode"": ""6799"", ""longitude"": """", ""addressLine"": ""Morea Crest""}, ""primaryContacts"": [{""type"": ""PHONE"", ""value"": ""(08) 9162 6790""}], ""secondaryContacts"": {""Other Contacts"": null}, ""orderedSecondaryContacts"": null}",NULL,"SENSIS","Cocos Keeling Islands",NULL,NULL,NULL,NULL,"Morea Crest",NULL,"Cocos Islands","Cocos Islands","WA","Western Australia","AU","Australia","6799","Morea Crest, Cocos Islands WA 6799, Australia",NULL,NULL,NULL,"{""friday"": [], ""monday"": [], ""sunday"": [], ""tuesday"": [], ""saturday"": [], ""thursday"": [], ""wednesday"": []}","08 9162 6790","+61 8 9162 6790","7720","2018-07-26 09:13:12.547376","2018-07-26 09:13:12.547376","2018-11-19 13:20:11.368731",NULL,"2019-10-18 11:01:42.036342","C224",NULL,NULL,"COCOS KEELING ISLANDS"
"HANES AUSTRALIA"," L 1 115 Cotham Rd, Kew\u200b, VICTORIA, 3101",NULL,"c08574bf-3803-49b3-a6d4-8ff47ba134e6","c08574bf-3803-49b3-a6d4-8ff47ba134e6","{}",NULL,"CUSTOM","HANES Australia",NULL,NULL,NULL,"L1 115","Cotham Rd","Cotham Road","Kew","Kew","Vic","Victoria","AU","Australia","3101"," L 1 115 Cotham Rd, Kew\u200b, VICTORIA, 3101",NULL,NULL,"https://www.hanesaustralasia.com/",NULL,NULL,NULL,"4251","2021-07-08 09:33:51.821408","2021-07-08 09:33:51.821408","2021-07-08 09:33:51.821408",NULL,"2021-07-08 09:33:51.821408",NULL,NULL,NULL,"HANES AUSTRALIA"
"MATHEWS ARTISAN BUTCHERS","308 Racecourse Rd, Flemington VIC 3031, Australia",NULL,"36070257-306c-49a5-a6cd-1dd99961e923","36070257-306c-49a5-a6cd-1dd99961e923","{}",NULL,"CUSTOM","Mathews Artisan Butchers",NULL,NULL,NULL,"308","Racecourse Rd","Racecourse Road","Flemington","Flemington","VIC","Victoria","AU","Australia","3031","308 Racecourse Rd, Flemington VIC 3031, Australia",NULL,NULL,NULL,"{""periods"": [{""open"": {""day"": 0, ""time"": ""0930""}, ""close"": {""day"": 0, ""time"": ""1800""}}, {""open"": {""day"": 1, ""time"": ""0730""}, ""close"": {""day"": 1, ""time"": ""1800""}}, {""open"": {""day"": 2, ""time"": ""0730""}, ""close"": {""day"": 2, ""time"": ""1800""}}, {""open"": {""day"": 3, ""time"": ""0730""}, ""close"": {""day"": 3, ""time"": ""1800""}}, {""open"": {""day"": 4, ""time"": ""0730""}, ""close"": {""day"": 4, ""time"": ""1800""}}, {""open"": {""day"": 5, ""time"": ""0730""}, ""close"": {""day"": 5, ""time"": ""1800""}}, {""open"": {""day"": 6, ""time"": ""0730""}, ""close"": {""day"": 6, ""time"": ""1800""}}], ""open_now"": true, ""weekday_text"": [""Monday: 7:30 AM – 6:00 PM"", ""Tuesday: 7:30 AM – 6:00 PM"", ""Wednesday: 7:30 AM – 6:00 PM"", ""Thursday: 7:30 AM – 6:00 PM"", ""Friday: 7:30 AM – 6:00 PM"", ""Saturday: 7:30 AM – 6:00 PM"", ""Sunday: 9:30 AM – 6:00 PM""]}","(03) 9376 6271","+61 3 9376 6271","4129","2021-12-14 15:01:28.771416","2021-12-14 15:01:28.771416","2021-12-14 15:01:28.771416",NULL,"2021-12-14 15:01:28.771416",NULL,NULL,NULL,"MATHEWS ARTISAN BUTCHERS"
"MCDONALDS","332 Ripley Road, Ripley QLD 4306, Australia",NULL,"d1a929c4-486e-11e8-a267-0a87c0279fe8","McDonalds 3179 Ripley Qld","{""id"": ""McDonalds 3179 Ripley Qld"", ""storeId"": ""3179"", ""identity"": {""status"": ""active"", ""website"": ""https://mcdonalds.com.au/"", ""entityName"": null, ""businessName"": ""McDonalds"", ""phoneNumbers"": [{""local"": ""TBA"", ""phoneType"": null, ""international"": ""+61 BA""}], ""businessNumber"": null, ""operatingHours"": {""friday"": [{""end"": ""24:00"", ""begin"": "":""}], ""monday"": [{""end"": ""24:00"", ""begin"": "":""}], ""sunday"": [{""end"": ""24:00"", ""begin"": "":""}], ""tuesday"": [{""end"": ""24:00"", ""begin"": "":""}], ""saturday"": [{""end"": ""24:00"", ""begin"": "":""}], ""thursday"": [{""end"": ""24:00"", ""begin"": "":""}], ""wednesday"": [{""end"": ""24:00"", ""begin"": "":""}]}}, ""location"": {""route"": """", ""country"": {""code"": ""AU"", ""name"": ""Australia""}, ""routeNo"": """", ""geometry"": {""lat"": """", ""lng"": """"}, ""locality"": {""longName"": ""Ripley"", ""shortName"": ""Ripley""}, ""postalCode"": ""4306"", ""formattedAddress"": ""332 Ripley Road, Ripley QLD 4306, Australia"", ""administrativeArea1"": {""longName"": ""Queensland"", ""shortName"": ""QLD""}, ""administrativeArea2"": {""longName"": """", ""shortName"": """"}}, ""storeName"": ""Ripley Qld"", ""classification"": {""class"": {""code"": ""4512"", ""title"": ""Takeaway Food Services""}, ""group"": {""code"": ""451"", ""title"": ""Cafes, Restaurants and Takeaway Food Services""}, ""division"": {""code"": ""H"", ""title"": ""Accommodation and Food Services""}, ""subdivision"": {""code"": ""45"", ""title"": ""Food and Beverage Services""}}}",NULL,"CUSTOM","McDonalds",NULL,NULL,"3179",NULL,NULL,NULL,"Ripley","Ripley","QLD","Queensland","AU","Australia","4306","332 Ripley Road, Ripley QLD 4306, Australia",NULL,NULL,"https://mcdonalds.com.au/",NULL,NULL,NULL,"4512","2018-07-26 09:13:12.547376","2018-07-26 09:13:12.547376","2018-08-08 11:54:42.540817",NULL,"2019-10-18 11:01:42.036342","M235","mcdonalds-master.svg","mcdonalds-thumb.svg","MCDONALDS"
"BILLS","359 Crown St, Surry Hills NSW 2010, Australia",NULL,"d6084bdc-0637-4ab8-a6f5-3ad82aeec615","d6084bdc-0637-4ab8-a6f5-3ad82aeec615","{}",NULL,"CUSTOM","Bills",NULL,NULL,NULL,"359","Crown St","Crown Street","Surry Hills","Surry Hills","NSW","New South Wales","AU","Australia","2010","359 Crown St, Surry Hills NSW 2010, Australia",NULL,NULL,"https://www.bills.com.au/surry-hills","{""periods"": [{""open"": {""day"": 0, ""time"": ""0700""}, ""close"": {""day"": 0, ""time"": ""2200""}}, {""open"": {""day"": 1, ""time"": ""0700""}, ""close"": {""day"": 1, ""time"": ""2200""}}, {""open"": {""day"": 2, ""time"": ""0700""}, ""close"": {""day"": 2, ""time"": ""2200""}}, {""open"": {""day"": 3, ""time"": ""0700""}, ""close"": {""day"": 3, ""time"": ""2200""}}, {""open"": {""day"": 4, ""time"": ""0700""}, ""close"": {""day"": 4, ""time"": ""2200""}}, {""open"": {""day"": 5, ""time"": ""0700""}, ""close"": {""day"": 5, ""time"": ""2200""}}, {""open"": {""day"": 6, ""time"": ""0700""}, ""close"": {""day"": 6, ""time"": ""2200""}}], ""open_now"": true, ""weekday_text"": [""Monday: 7:00 AM – 10:00 PM"", ""Tuesday: 7:00 AM – 10:00 PM"", ""Wednesday: 7:00 AM – 10:00 PM"", ""Thursday: 7:00 AM – 10:00 PM"", ""Friday: 7:00 AM – 10:00 PM"", ""Saturday: 7:00 AM – 10:00 PM"", ""Sunday: 7:00 AM – 10:00 PM""]}","(02) 9360 4762","+61 2 9360 4762",NULL,"2021-12-14 15:01:28.771416","2021-12-14 15:01:28.771416","2021-12-14 15:01:28.771416",NULL,"2021-12-14 15:01:28.771416",NULL,NULL,NULL,"BILLS"
"CITY OF","833 Southport Nerang Rd, Nerang QLD 4211, Australia",NULL,"7e458a62-2761-4312-a544-a6085901194f","7e458a62-2761-4312-a544-a6085901194f","{}",NULL,"CUSTOM","City of Gold Coast - Customer Service Centre",NULL,NULL,NULL,"833","Southport Nerang Rd","Southport Nerang Road","Nerang","Nerang","QLD","Queensland","AU","Australia","4211","833 Southport Nerang Rd, Nerang QLD 4211, Australia",NULL,NULL,"https://www.goldcoast.qld.gov.au/Council-region/About-Council/Contact-us","{""periods"": [{""open"": {""day"": 1, ""time"": ""0815""}, ""close"": {""day"": 1, ""time"": ""1630""}}, {""open"": {""day"": 2, ""time"": ""0815""}, ""close"": {""day"": 2, ""time"": ""1630""}}, {""open"": {""day"": 3, ""time"": ""0815""}, ""close"": {""day"": 3, ""time"": ""1630""}}, {""open"": {""day"": 4, ""time"": ""0815""}, ""close"": {""day"": 4, ""time"": ""1630""}}, {""open"": {""day"": 5, ""time"": ""0815""}, ""close"": {""day"": 5, ""time"": ""1630""}}], ""open_now"": true, ""weekday_text"": [""Monday: 8:15 AM – 4:30 PM"", ""Tuesday: 8:15 AM – 4:30 PM"", ""Wednesday: 8:15 AM – 4:30 PM"", ""Thursday: 8:15 AM – 4:30 PM"", ""Friday: 8:15 AM – 4:30 PM"", ""Saturday: Closed"", ""Sunday: Closed""]}","1300 465 326","+61 1300 465 326","7720","2021-12-14 15:01:28.771416","2021-12-14 15:01:28.771416","2021-12-14 15:01:28.771416",NULL,"2021-12-14 15:01:28.771416",NULL,NULL,NULL,"CITY OF"
"COCOS ISLAND CO OPERATIVE SOCIETY","Sydney Highway, Cocos Islands WA 6799, Australia",NULL,"6aeb4222-4c87-11e8-8439-0a87c0279fe8","W10752913","{""id"": ""W10752913"", ""name"": ""Cocos Island Co-Operative Society"", ""score"": 3084.8489, ""aboutId"": """", ""categories"": [], ""detailsLink"": ""http://www.whitepages.com.au/cocos-island-co-operative-society-10752911/cocos-islands-wa-10752913B?referredBy=SAPI-ebNWZNImvAxNWEzxbFEx9VyfChFq-udq"", ""listingType"": ""B"", ""reportingId"": ""W10752913"", ""businessInfo"": {""abn"": """", ""legalId"": """", ""dateEstablished"": """"}, ""openingHours"": {""friday"": {""times"": null, ""status"": """"}, ""monday"": {""times"": null, ""status"": """"}, ""sunday"": {""times"": null, ""status"": """"}, ""tuesday"": {""times"": null, ""status"": """"}, ""saturday"": {""times"": null, ""status"": """"}, ""thursday"": {""times"": null, ""status"": """"}, ""wednesday"": {""times"": null, ""status"": """"}, ""publicHolidays"": {""times"": null, ""status"": """"}}, ""primaryAddress"": {""state"": ""WA"", ""suburb"": ""Cocos Islands"", ""latitude"": """", ""postcode"": ""6799"", ""longitude"": """", ""addressLine"": ""Sydney Highway""}, ""primaryContacts"": [{""type"": ""PHONE"", ""value"": ""(08) 9162 6764""}], ""secondaryContacts"": {""Other Contacts"": null}, ""orderedSecondaryContacts"": null}",NULL,"SENSIS","Cocos Island Co-Operative Society",NULL,NULL,NULL,NULL,"Sydney Highway",NULL,"Cocos Islands","Cocos Islands","WA","Western Australia","AU","Australia","6799","Sydney Highway, Cocos Islands WA 6799, Australia",NULL,NULL,NULL,"{""friday"": [], ""monday"": [], ""sunday"": [], ""tuesday"": [], ""saturday"": [], ""thursday"": [], ""wednesday"": []}","08 9162 6764","+61 8 9162 6764",NULL,"2018-07-26 09:13:12.547376","2018-07-26 09:13:12.547376","2018-11-19 13:20:10.888968",NULL,"2019-10-18 11:01:42.036342","C222",NULL,NULL,"COCOS ISLAND CO OPERATIVE SOCIETY"
"DR EARTH","Crn Grosvenor Ln & Cooper Ln, Neutral Bay NSW 2089",NULL,"b991c3d4-d79e-48be-9746-b0c3944a6d8a","b991c3d4-d79e-48be-9746-b0c3944a6d8a","{}",NULL,"CUSTOM","Dr Earth",NULL,NULL,NULL,"store 6","Crn Grosvenor Ln & Cooper Ln","Crn Grosvenor Ln & Cooper Ln","Neutral Bay","Neutral Bay","NSW","New South Wales","AU","Australia","2089","Crn Grosvenor Ln & Cooper Ln, Neutral Bay NSW 2089",NULL,NULL,"https://drearth.com.au/stores/neutral-bay/",NULL,NULL,NULL,NULL,"2021-07-08 09:33:51.821408","2021-07-08 09:33:51.821408","2021-07-08 09:33:51.821408",NULL,"2021-07-08 09:33:51.821408",NULL,NULL,NULL,"DR EARTH"
"COCOS KEELING ISLAND SHIRE COUNCIL","West Island, Home Island WA 6799, Australia",NULL,"c265d68a-8a7f-11e8-ba23-0a97eab31f0c","W11808695","{""id"": ""W11808695"", ""name"": ""Cocos Keeling Island Shire Council"", ""score"": 4562.2188, ""aboutId"": """", ""categories"": [], ""detailsLink"": ""http://www.whitepages.com.au/cocos-keeling-island-shire-council-11808697/home-island-wa-11808695B?referredBy=SAPI-ebNWZNImvAxNWEzxbFEx9VyfChFq-udq"", ""listingType"": ""B"", ""reportingId"": ""W11808695"", ""businessInfo"": {""abn"": """", ""legalId"": """", ""dateEstablished"": """"}, ""openingHours"": {""friday"": {""times"": null, ""status"": """"}, ""monday"": {""times"": null, ""status"": """"}, ""sunday"": {""times"": null, ""status"": """"}, ""tuesday"": {""times"": null, ""status"": """"}, ""saturday"": {""times"": null, ""status"": """"}, ""thursday"": {""times"": null, ""status"": """"}, ""wednesday"": {""times"": null, ""status"": """"}, ""publicHolidays"": {""times"": null, ""status"": """"}}, ""primaryAddress"": {""state"": ""WA"", ""suburb"": ""Home Island"", ""latitude"": """", ""postcode"": ""6799"", ""longitude"": """", ""addressLine"": ""West Island""}, ""primaryContacts"": [{""type"": ""PHONE"", ""value"": ""(08) 9162 6596""}], ""secondaryContacts"": {""Other Contacts"": null}, ""orderedSecondaryContacts"": null}",NULL,"SENSIS","Cocos Keeling Island Shire Council",NULL,NULL,NULL,NULL,"West Island",NULL,"Home Island","Home Island","WA","Western Australia","AU","Australia","6799","West Island, Home Island WA 6799, Australia",NULL,NULL,NULL,"{""friday"": [], ""monday"": [], ""sunday"": [], ""tuesday"": [], ""saturday"": [], ""thursday"": [], ""wednesday"": []}","08 9162 6596","+61 8 9162 6596","7720","2018-07-26 09:13:12.547376","2018-07-26 09:13:12.547376","2018-11-19 13:20:52.248472",NULL,"2019-10-18 11:01:42.036342","C224",NULL,NULL,"COCOS KEELING ISLAND SHIRE COUNCIL"
"THE POCKET","Freshwater, Surf Life Saving Club, Kooloora Ave, Sydney NSW 2096, Australia",NULL,"037a65ff-b749-41df-8c4f-c29e412e54de","037a65ff-b749-41df-8c4f-c29e412e54de","{}",NULL,"CUSTOM","The Pocket Freshwater",NULL,NULL,NULL,NULL,"Kooloora Ave","Kooloora Avenue","Sydney","Sydney","NSW","New South Wales","AU","Australia","2096","Freshwater, Surf Life Saving Club, Kooloora Ave, Sydney NSW 2096, Australia",NULL,NULL,NULL,"{""periods"": [{""open"": {""day"": 0, ""time"": ""0730""}, ""close"": {""day"": 0, ""time"": ""1400""}}, {""open"": {""day"": 1, ""time"": ""0730""}, ""close"": {""day"": 1, ""time"": ""1400""}}, {""open"": {""day"": 2, ""time"": ""0730""}, ""close"": {""day"": 2, ""time"": ""1400""}}, {""open"": {""day"": 3, ""time"": ""0730""}, ""close"": {""day"": 3, ""time"": ""1400""}}, {""open"": {""day"": 4, ""time"": ""0730""}, ""close"": {""day"": 4, ""time"": ""1400""}}, {""open"": {""day"": 5, ""time"": ""0730""}, ""close"": {""day"": 5, ""time"": ""1400""}}, {""open"": {""day"": 6, ""time"": ""0730""}, ""close"": {""day"": 6, ""time"": ""1400""}}], ""open_now"": true, ""weekday_text"": [""Monday: 7:30 AM – 2:00 PM"", ""Tuesday: 7:30 AM – 2:00 PM"", ""Wednesday: 7:30 AM – 2:00 PM"", ""Thursday: 7:30 AM – 2:00 PM"", ""Friday: 7:30 AM – 2:00 PM"", ""Saturday: 7:30 AM – 2:00 PM"", ""Sunday: 7:30 AM – 2:00 PM""]}",NULL,NULL,"4511","2021-12-14 15:01:28.771416","2021-12-14 15:01:28.771416","2021-12-14 15:01:28.771416",NULL,"2021-12-14 15:01:28.771416",NULL,NULL,NULL,"THE POCKET"
"THE STATION PATISSERIE","792 Old Princes Hwy, Sutherland NSW 2232, Australia",NULL,"fa04897e-8cd1-4e25-a611-60c34a60b887","fa04897e-8cd1-4e25-a611-60c34a60b887","{}",NULL,"CUSTOM","The Station Patisserie",NULL,NULL,NULL,"792","Old Princes Hwy","Old Princes Highway","Sutherland","Sutherland","NSW","New South Wales","AU","Australia","2232","792 Old Princes Hwy, Sutherland NSW 2232, Australia",NULL,NULL,"https://www.facebook.com/pages/category/Cafe/The-Station-Patisserie-220541179276491/",NULL,NULL,NULL,"4512","2021-07-08 09:33:51.821408","2021-07-08 09:33:51.821408","2021-07-08 09:33:51.821408",NULL,"2021-07-08 09:33:51.821408",NULL,NULL,NULL,"THE STATION PATISSERIE"
"MICHELS DRY CLEANERS DC","221 Glenmore Rd, Paddington NSW 2021",NULL,"73b7de47-a5ee-4c68-aa93-31d352848cb9","73b7de47-a5ee-4c68-aa93-31d352848cb9","{}",NULL,"CUSTOM","Michel's Dry Cleaners DC",NULL,NULL,NULL,"221","Glenmore Rd","Glenmore Road","Paddington","Paddington","NSW","New South Wales","AU","Australia","2021","221 Glenmore Rd, Paddington NSW 2021",NULL,NULL,"https://michelsdrycleaners.com.au/home/",NULL,NULL,NULL,"9531","2021-08-25 13:42:25.135218","2021-08-25 13:42:25.135218","2021-08-25 13:42:25.135218",NULL,"2021-08-25 13:42:25.135218",NULL,NULL,NULL,"MICHELS DRY CLEANERS DC"
"DAILY GREENS","2/16 Glenmore Rd, Paddington NSW 2021, Australia",NULL,"ae96dcb3-b140-49f2-a742-ecdd0bc0f8e9","ae96dcb3-b140-49f2-a742-ecdd0bc0f8e9","{}",NULL,"CUSTOM","Daily Greens",NULL,NULL,NULL,"2/16","Glenmore Rd","Glenmore Road","Paddington","Paddington","NSW","New South Wales","AU","Australia","2021","2/16 Glenmore Rd, Paddington NSW 2021, Australia",NULL,NULL,"https://dgreens.com.au/",NULL,NULL,NULL,"4512","2021-07-08 09:33:51.821408","2021-07-08 09:33:51.821408","2021-07-08 09:33:51.821408",NULL,"2021-07-08 09:33:51.821408",NULL,NULL,NULL,"DAILY GREENS"
"DERIAS SUPERMARKET","58 BRYSON GROVE, TEMPLESTOWE LOWER\u200b, VICTORIA, 3107",NULL,"eba07cb8-78c4-4fbd-9bc3-55d3c539d6ad","eba07cb8-78c4-4fbd-9bc3-55d3c539d6ad","{}",NULL,"CUSTOM","Derias Supermarket",NULL,NULL,NULL,"58","BRYSON GRV","BRYSON GROVE","Templestowe Lower","Templestowe Lower","VIC","Victoria","AU","Australia","3107","58 BRYSON GROVE, TEMPLESTOWE LOWER\u200b, VICTORIA, 3107",NULL,NULL,NULL,NULL,NULL,NULL,"4110","2021-08-05 15:29:22.297644","2021-08-05 15:29:22.297644","2021-08-05 15:29:22.297644",NULL,"2021-08-05 15:29:22.297644",NULL,NULL,NULL,"DERIAS SUPERMARKET"
"HUNGRY JACKS BURGERS","252 Canterbury Rd, Forest Hill VIC 3131, Australia",NULL,"1b8191dc-1bd4-4618-895a-778b3c561fce","1b8191dc-1bd4-4618-895a-778b3c561fce","{}",NULL,"CUSTOM","Hungry Jack's Burgers Forest Hill",NULL,NULL,NULL,"252","Canterbury Rd","Canterbury Road","Forest Hill","Forest Hill","VIC","Victoria","AU","Australia","3131","252 Canterbury Rd, Forest Hill VIC 3131, Australia",NULL,NULL,"https://www.hungryjacks.com.au/find-us/forest-hill","{""periods"": [{""open"": {""day"": 0, ""time"": ""0700""}, ""close"": {""day"": 0, ""time"": ""2300""}}, {""open"": {""day"": 1, ""time"": ""0700""}, ""close"": {""day"": 1, ""time"": ""2300""}}, {""open"": {""day"": 2, ""time"": ""0700""}, ""close"": {""day"": 2, ""time"": ""2300""}}, {""open"": {""day"": 3, ""time"": ""0700""}, ""close"": {""day"": 3, ""time"": ""2300""}}, {""open"": {""day"": 4, ""time"": ""0700""}, ""close"": {""day"": 4, ""time"": ""2300""}}, {""open"": {""day"": 5, ""time"": ""0700""}, ""close"": {""day"": 5, ""time"": ""2300""}}, {""open"": {""day"": 6, ""time"": ""0700""}, ""close"": {""day"": 6, ""time"": ""2300""}}], ""open_now"": true, ""weekday_text"": [""Monday: 7:00 AM – 11:00 PM"", ""Tuesday: 7:00 AM – 11:00 PM"", ""Wednesday: 7:00 AM – 11:00 PM"", ""Thursday: 7:00 AM – 11:00 PM"", ""Friday: 7:00 AM – 11:00 PM"", ""Saturday: 7:00 AM – 11:00 PM"", ""Sunday: 7:00 AM – 11:00 PM""]}","(03) 9877 6840","+61 3 9877 6840","4512","2021-12-14 15:01:28.771416","2021-12-14 15:01:28.771416","2021-12-14 15:01:28.771416",NULL,"2021-12-14 15:01:28.771416",NULL,NULL,NULL,"HUNGRY JACKS BURGERS"
"MCDONALDS","144 Flinders Parade, North Lakes QLD 4509, Australia",NULL,"d1ae8b12-486e-11e8-a2d0-0a87c0279fe8","McDonalds 3188 North Lakes Business Park","{""id"": ""McDonalds 3188 North Lakes Business Park"", ""storeId"": ""3188"", ""identity"": {""status"": ""active"", ""website"": ""https://mcdonalds.com.au/"", ""entityName"": null, ""businessName"": ""McDonalds"", ""phoneNumbers"": [{""local"": ""(07) 33842800"", ""phoneType"": null, ""international"": ""+61 07) 33842800""}], ""businessNumber"": null, ""operatingHours"": {""friday"": [{""end"": ""24:00"", ""begin"": ""05:00""}], ""monday"": [{""end"": ""24:00"", ""begin"": ""05:00""}], ""sunday"": [{""end"": ""24:00"", ""begin"": ""05:00""}], ""tuesday"": [{""end"": ""24:00"", ""begin"": ""05:00""}], ""saturday"": [{""end"": ""24:00"", ""begin"": ""05:00""}], ""thursday"": [{""end"": ""24:00"", ""begin"": ""05:00""}], ""wednesday"": [{""end"": ""24:00"", ""begin"": ""05:00""}]}}, ""location"": {""route"": """", ""country"": {""code"": ""AU"", ""name"": ""Australia""}, ""routeNo"": """", ""geometry"": {""lat"": """", ""lng"": """"}, ""locality"": {""longName"": ""North Lakes"", ""shortName"": ""North Lakes""}, ""postalCode"": ""4509"", ""formattedAddress"": ""144 Flinders Parade, North Lakes QLD 4509, Australia"", ""administrativeArea1"": {""longName"": ""Queensland"", ""shortName"": ""QLD""}, ""administrativeArea2"": {""longName"": """", ""shortName"": """"}}, ""storeName"": ""North Lakes Business Park"", ""classification"": {""class"": {""code"": ""4512"", ""title"": ""Takeaway Food Services""}, ""group"": {""code"": ""451"", ""title"": ""Cafes, Restaurants and Takeaway Food Services""}, ""division"": {""code"": ""H"", ""title"": ""Accommodation and Food Services""}, ""subdivision"": {""code"": ""45"", ""title"": ""Food and Beverage Services""}}}",NULL,"CUSTOM","McDonalds",NULL,"North Lakes Business Park","3188",NULL,NULL,NULL,"North Lakes","North Lakes","QLD","Queensland","AU","Australia","4509","144 Flinders Parade, North Lakes QLD 4509, Australia",NULL,NULL,"https://mcdonalds.com.au/",NULL,NULL,NULL,"4512","2018-07-26 09:13:12.547376","2018-07-26 09:13:12.547376","2018-08-08 11:54:42.582251",NULL,"2019-10-18 11:01:42.036342","M235","mcdonalds-master.svg","mcdonalds-thumb.svg","MCDONALDS"
"ARCHER SPECIALTY COFFEE","N Lakes Dr, North Lakes QLD 4509, Australia",NULL,"5e0963a4-5c20-47c6-9de4-1e3442a3f23e","5e0963a4-5c20-47c6-9de4-1e3442a3f23e","{}",NULL,"CUSTOM","Archer Specialty Coffee",NULL,NULL,NULL,NULL,"N Lakes Dr","North Lakes Drive","North Lakes","North Lakes","QLD","Queensland","AU","Australia","4509","N Lakes Dr, North Lakes QLD 4509, Australia",NULL,NULL,"https://www.archerspecialtycoffee.com.au/",NULL,NULL,NULL,"4511","2021-07-08 09:33:51.821408","2021-07-08 09:33:51.821408","2021-07-08 09:33:51.821408",NULL,"2021-07-08 09:33:51.821408",NULL,NULL,NULL,"ARCHER SPECIALTY COFFEE"
"RMD CENTRAL COAST","Central Coast MC NSW 2252, Australia",NULL,"469d6164-7b6e-11e8-8754-0a97eab31f0c","14700958","{""id"": ""14700958"", ""name"": ""RMD Central Coast"", ""score"": 985.241, ""aboutId"": ""19898438-151e-4039-a2ad-ac7ec234daf8"", ""categories"": [{""id"": ""13501"", ""name"": ""Concrete Formwork, Form Ties & Accessories"", ""sensitive"": false}], ""detailsLink"": ""https://www.yellowpages.com.au/nsw/central-coast-mc/rmd-central-coast-14700958-listing.html?referredBy=SAPI-ebNWZNImvAxNWEzxbFEx9VyfChFq-udq"", ""listingType"": ""Business"", ""reportingId"": ""14700958"", ""businessInfo"": {""abn"": """", ""legalId"": """", ""dateEstablished"": """"}, ""openingHours"": {""friday"": {""times"": null, ""status"": """"}, ""monday"": {""times"": null, ""status"": """"}, ""sunday"": {""times"": null, ""status"": """"}, ""tuesday"": {""times"": null, ""status"": """"}, ""saturday"": {""times"": null, ""status"": """"}, ""thursday"": {""times"": null, ""status"": """"}, ""wednesday"": {""times"": null, ""status"": """"}, ""publicHolidays"": {""times"": null, ""status"": """"}}, ""primaryAddress"": {""state"": ""NSW"", ""suburb"": ""Central Coast MC"", ""latitude"": """", ""postcode"": ""2252"", ""longitude"": """", ""addressLine"": """"}, ""primaryContacts"": [{""type"": ""PHONE"", ""value"": ""1800 111 763""}, {""type"": ""URL"", ""value"": ""http://www.rmdaustralia.com.au""}], ""secondaryContacts"": {""Other Contacts"": null}, ""orderedSecondaryContacts"": null}",NULL,"SENSIS","RMD Central Coast",NULL,NULL,NULL,NULL,NULL,NULL,"Central Coast MC","Central Coast MC","NSW","New South Wales","AU","Australia","2252","Central Coast MC NSW 2252, Australia",NULL,NULL,"http://www.rmdaustralia.com.au","{""friday"": [], ""monday"": [], ""sunday"": [], ""tuesday"": [], ""saturday"": [], ""thursday"": [], ""wednesday"": []}","1800 111 763","+61 800 111 763","3299","2018-07-26 09:13:12.547376","2018-07-26 09:13:12.547376","2018-11-19 13:20:16.20617",NULL,"2019-10-18 11:01:42.036342","R532",NULL,NULL,"RMD CENTRAL COAST"
"TOWNSVILLE ATHLETIC CLUB INC","PO Box 621, Hyde Park Castletown QLD 4812, Australia",NULL,"22a07f28-4c8c-11e8-bbfa-0a87c0279fe8","11942244","{""id"": ""11942244"", ""name"": ""Townsville North Star Athletic Club Inc"", ""score"": 70, ""aboutId"": ""b3dc1934-3a53-45df-9555-b1df0ffcf6d3"", ""categories"": [{""id"": ""24635"", ""name"": ""Athletic Clubs"", ""sensitive"": false}], ""detailsLink"": ""https://www.yellowpages.com.au/qld/hyde-park-castletown/townsville-north-star-athletic-club-inc-11942244-listing.html?referredBy=SAPI-ebNWZNImvAxNWEzxbFEx9VyfChFq-udq"", ""listingType"": ""Business"", ""reportingId"": ""11942244"", ""businessInfo"": {""abn"": """", ""legalId"": """", ""dateEstablished"": """"}, ""openingHours"": {""friday"": {""times"": null, ""status"": """"}, ""monday"": {""times"": null, ""status"": """"}, ""sunday"": {""times"": null, ""status"": """"}, ""tuesday"": {""times"": null, ""status"": """"}, ""saturday"": {""times"": null, ""status"": """"}, ""thursday"": {""times"": null, ""status"": """"}, ""wednesday"": {""times"": null, ""status"": """"}, ""publicHolidays"": {""times"": null, ""status"": """"}}, ""primaryAddress"": {""state"": ""QLD"", ""suburb"": ""Hyde Park Castletown"", ""latitude"": """", ""postcode"": ""4812"", ""longitude"": """", ""addressLine"": ""PO Box 621""}, ""primaryContacts"": [{""type"": ""PHONE"", ""value"": ""0428 867 827""}], ""secondaryContacts"": {""Other Contacts"": [{""type"": ""MOBILE"", ""value"": ""0428 867 827""}]}, ""orderedSecondaryContacts"": [{""name"": ""Other Contacts"", ""contacts"": [{""type"": ""MOBILE"", ""value"": ""0428 867 827""}]}]}",NULL,"SENSIS","Townsville North Star Athletic Club Inc",NULL,NULL,NULL,"621",NULL,NULL,"Hyde Park Castletown","Hyde Park Castletown","QLD","Queensland","AU","Australia","4812","PO Box 621, Hyde Park Castletown QLD 4812, Australia",NULL,NULL,NULL,"{""friday"": [], ""monday"": [], ""sunday"": [], ""tuesday"": [], ""saturday"": [], ""thursday"": [], ""wednesday"": []}","0428 867 827","+61 428 867 827","4520","2018-07-26 09:13:12.547376","2018-07-26 09:13:12.547376","2018-11-19 13:21:01.666616",NULL,"2019-10-18 11:01:42.036342","T521",NULL,NULL,"TOWNSVILLE ATHLETIC CLUB INC"
